dry_tone_path,wet_tone_path,Limiter,Distortion,Phaser,Delay,HighShelfFilter,Chorus,NoiseGate,Compressor,LowpassFilter,Reverb,PitchShift,Gain,Invert
data/dry_tones/Electric1.wav,data/wet_tones/output_0.wav,"{'threshold_db': -61.36135071759317, 'release_ms': 615.5641078826865}",{'drive_db': 53.67111912035313},"{'rate_hz': 3.5801786806891047, 'depth': 0.20842658458381613, 'centre_frequency_hz': 1707.3005091195719, 'feedback': 0.7020051411827912, 'mix': 0.14908012078445765}","{'delay_seconds': 1.105476133777266, 'feedback': 0.24643804330465657, 'mix': 0.6128578458303272}","{'cutoff_frequency_hz': 13609.03722897512, 'gain_db': -11.367216523814802, 'q': 2.629642508488922}","{'rate_hz': 3.41420110463505, 'depth': 0.24368245694656143, 'centre_delay_ms': 0.9826371654396981, 'feedback': 0.2661350280903294, 'mix': 0.3130855358580712}","{'threshold_db': -92.76025447624426, 'attack_ms': 70.36499595997124, 'release_ms': 413.5557430212516}",,,,,,
data/dry_tones/Electric1.wav,data/wet_tones/output_1.wav,,,,"{'delay_seconds': 0.3702727394624368, 'feedback': 0.32872831937057767, 'mix': 0.4633730482185964}",,,,"{'threshold_db': -79.13876238990852, 'ratio': 16.260433651428123, 'attack_ms': 47.05308488429331, 'release_ms': 633.4889637382206}",,,,,
data/dry_tones/Electric1.wav,data/wet_tones/output_2.wav,,,,,"{'cutoff_frequency_hz': 15667.848544191454, 'gain_db': -19.030222074429098, 'q': 8.13214130410832}",,,"{'threshold_db': -49.61578497787965, 'ratio': 17.401910633258005, 'attack_ms': 20.015390826624337, 'release_ms': 987.6575539598866}",{'cutoff_frequency_hz': 8493.134208420386},,,,
data/dry_tones/Electric1.wav,data/wet_tones/output_3.wav,"{'threshold_db': -36.04065910165316, 'release_ms': 591.6507606100017}",,,,,,,,{'cutoff_frequency_hz': 11554.852576586636},"{'room_size': 0.18661425388140762, 'damping': 0.18459573250860162, 'wet_level': 0.0761630971078836, 'dry_level': 0.18746264115808553, 'width': 0.38692149077712845, 'freeze_mode': 0.9017808352834121}",{'semitones': -2.138941672830885},,
data/dry_tones/Electric1.wav,data/wet_tones/output_4.wav,,,,"{'delay_seconds': 0.42318517968757474, 'feedback': 0.28900701375385984, 'mix': 0.8090893391985536}",,,,,,,,{'gain_db': -55.355024281623166},{}
